Group,Cage,ID,Strain,StrainW,Genotype,GenotypeW,Treatment,GroupR,Experiment,FCHabituation,FCPostUS,FCContext,FCAltContext,FCCued,OMRatioDur,OMRatioFreq,OMDistance,OMMoving,OMRawOpenDur,OMRawOpenFreq,OFCenter,OFDist,YMRawStart,YMRawBlocked,YMRawOther,YMBlockedPref,SocRawCup,SocRawStranger,SocRatio
19,C6797644,123,Chd8,Wt,Wt,Wt,Placebo,19,ZsuFCGr19_a_Cond,13.89,25.14,68.22,13.12,25.7,0,0,171.816,5.17184,0,0,18.1,658.224581,115.315,119.419,20.8208,0.8515343005,25.09,96.09,0.5859052649
19,C6797644,124,Chd8,Chd8,Het,Mut,Placebo,19,ZsuFCGr19_a_Cond,24.69,38.39,89.07,21.76,39.88,0.0766700884,1,252.308,7.27394,20.98767,3,8.7,911.400784,12.3123,102.436,137.404,0.4271014009,NA,NA,NA
19,C6797644,125,Chd8,Chd8,Het,Mut,Tide,19,ZsuFCGr19_a_Cond,21.63,12.14,43.67,22.76,42,0.0090181624,0.3333333333,285.788,8.67534,2.66934,1,4.85,847.48224,44.5445,101.034,115.482,0.4666352602,10.02,50.05,0.6663892126
19,C6797644,126,Chd8,Wt,Wt,Wt,Tide,19,ZsuFCGr19_b_Cond,1.08,15.9,75.7,16.51,43.39,0.1005543058,0.8571428571,792.969,22.8896,27.2272,6,16.6,918.214463,72.9396,103.971,42.9429,0.7077002244,NA,NA,NA
19,C6860127,82,Chd8,Chd8,Het,Mut,Tide,19,ZsuFCGr19_b_Cond,5.49,19.2,48.55,10.76,30.11,0,0,205.21,6.10612,0,0,24.95,1347.688504,256.657,22.5893,8.57524,0.724839834,NA,NA,NA
19,C6860127,83,Chd8,Chd8,Het,Mut,Placebo,19,VF121316_143807,1.26,20.34,53.84,13.6,45.27,0.044852344,0.6666666667,298.354,9.14248,12.87953,2,62.5,1456.340093,49.0824,44.6113,177.945,0.2004495042,5.01,72.04,0.869954575
19,C6860127,84,Chd8,Wt,Wt,Wt,Tide,19,VF121316_143807,0.48,15.9,44.05,NA,NA,0,0,365.961,10.8108,0,0,53.35,1749.698641,60.8609,137.538,32.8996,0.8069698236,NA,NA,NA
19,C6860115,78,Chd8,Chd8,Het,Mut,Tide,19,VF121316_143807,0.36,8.79,17.97,0,32.16,0.1252048255,0.7777777778,763.043,22.5893,33.1999,7,40.1,1509.279479,21.3547,150.017,34.4011,0.8134613685,10.02,74.08,0.7617122473
19,C6790559,180,Chd8,Wt,Wt,Wt,Placebo,19,VF121316_144933,3.76,29.28,50.05,20.88,37.81,0.0167297066,0.5,309.038,9.14247,4.87154,2,36.95,1920.932134,115.148,96.7634,37.7377,0.7194245995,NA,NA,NA
19,C6815365,61,Chd8,Chd8,Het,Mut,Placebo,19,VF121316_144933,1.14,17.67,55.81,4.6,35.31,0.0086371258,0.75,387.807,11.6783,2.569234,3,49.5,1369.384884,15.1151,237.404,6.67334,0.9726589121,18.01,45.08,0.4290695831
19,C6772000,62,Chd8,Chd8,Het,Mut,Tide,19,VF121316_144933,0,9.08,16.69,2.1,18.97,0.0452961672,0.5,NA,NA,13,1,13.9,1546.676005,70.4705,76.6099,83.8839,0.4773386885,NA,NA,NA
19,C6815383,65,Chd8,Chd8,Het,Mut,Placebo,19,VF121316_150004,0,14.29,51,6.87,33.78,0.0202305329,0.3333333333,310.472,9.20921,5.97264,1,26.1,1485.416908,161.261,91.7251,20.7207,0.8157272215,7.09,118.03,0.886668798
19,C6815396,66,Chd8,Wt,Wt,Wt,Tide,19,VF121316_150004,0,9.31,27.96,0.82,9.02,0.1063329269,1,464.387,13.9806,28.7954,6,35.8,1200.247163,18.1849,116.917,62.696,0.6509384065,NA,NA,NA
20,C6893828,383,Fmr1,Fmr1,Hemi,Mut,Tide,20,ZsuFCGr20_a_Cond,10.67,22.56,50.92,9.06,45.12,0.1032120885,0.8333333333,323.562,9.74309,27.12713,5,90.7,1243.525252,159.56,67.5676,25.6924,0.7245078276,67.07,100.05,0.1973432264
20,C6893800,389,Fmr1,Fmr1,Hemi,Mut,Tide,20,ZsuFCGr20_a_Cond,10.69,26.46,35.17,8.41,41.27,0.0454225352,0.5,340.637,10.0434,12.9129,2,11.2,778.599704,209.743,0,49.3827,0,NA,NA,NA
20,C6893449,413,Fmr1,Wt,Wt,Wt,Tide,20,ZsuFCGr20_b_Cond,2.22,42.26,91.19,15.6,50.57,0.0988635365,1,227.837,7.04037,26.9937,3,16.4,963.121864,181.215,40.7407,34.6013,0.5407435428,15,122.06,0.7811177586
20,C6893449,416,Fmr1,Wt,Wt,Wt,Placebo,20,ZsuFCGr20_b_Cond,10.27,40.57,54.5,1.41,37.1,0.0850142775,0.8333333333,476.616,14.1808,23.49021,5,12.75,1096.205832,139.873,72.5392,55.1552,0.5680687642,NA,NA,NA
20,C6893340,423,Fmr1,Wt,Wt,Wt,Tide,20,ZsuFCGr20_c_Cond,0.42,11.5,23.2,3.67,30.78,0.0818544302,0.8333333333,407.34,12.3457,22.6226,5,23.25,1201.818855,68.7354,101.435,88.622,0.5337083086,10.04,150.03,0.8745548822
20,C6893340,424,Fmr1,Wt,Wt,Wt,Placebo,20,ZsuFCGr20_c_Cond,3.41,34.43,47.98,18.33,48.69,0.0955629908,0.8,568.482,16.8502,26.15948,4,20.25,1025.917677,179.313,58.1248,28.7955,0.6687137527,NA,NA,NA
20,C6893340,425,Fmr1,Fmr1,Hemi,Mut,Placebo,20,ZsuFCGr20_d_Cond,0,19.52,49.97,20.48,40.5,0.1037585866,1,468.851,14.0474,28.4618,6,12.45,1115.306938,300.067,0,0,NA,40.03,83.02,0.3493701747
20,C6893340,427,Fmr1,Wt,Wt,Wt,Tide,20,ZsuFCGr20_d_Cond,0,14.62,36.63,0,15.39,0.1570145353,0.875,692.061,20.1535,40.7074,7,27.45,886.247627,159.993,62.7628,34.668,0.644178227,NA,NA,NA
21,C6916976,524,Fmr1,Fmr1,Hemi,Mut,Tide,21,ZsuFCGr21c_Cond,0.9,19.99,38.18,13.63,52.3,0,0,186.572,5.67234,0,0,83.6,1207.458911,40.9743,181.114,26.8602,0.8708484033,NA,NA,NA
21,C6916976,525,Fmr1,Fmr1,Hemi,Mut,Placebo,21,ZsuFCGr21d_Cond,0.46,16.63,30.73,6.67,24.29,0.1117633057,0.75,518.089,15.649,29.8632,6,174.65,1498.74867,NA,NA,NA,NA,84.03,129.08,0.2113931772
21,C6916976,526,Fmr1,Fmr1,Hemi,Mut,Tide,21,ZsuFCGr21d_Cond,0.38,33.58,54.17,7.87,38.53,0.2103919345,1,587.542,17.6176,52.1521,6,9.8,1268.764607,NA,NA,NA,NA,NA,NA,NA
21,C6916884,508,Fmr1,Wt,Wt,Wt,Tide,21,ZsuFCGr21_bCond,3.81,34.42,48.7,14.27,58.19,0.036900358,0.6666666667,239.006,7.20721,10.67734,2,NA,NA,40.7741,166.567,41.7417,0.7996161466,16.04,157.04,0.814652184
21,C6916884,509,Fmr1,Fmr1,Hemi,Mut,Placebo,21,ZsuFCGr21c_Cond,3.62,19.23,55.39,13.37,49.21,0.1145910918,1,505.784,14.2809,30.76411,6,50.5,1358.573328,232.366,29.296,14.648,0.6666666667,55.07,145.05,0.4496302219
21,C6916884,510,Fmr1,Fmr1,Hemi,Mut,Tide,21,ZsuFCGr21c_Cond,2.12,6.47,40.33,10.91,25.71,0.246081637,0.8888888889,668.448,19.5863,59.1926,8,59.2,1185.737035,188.021,21.6884,63.8305,0.253609436,NA,NA,NA
21,C6916884,511,Fmr1,Fmr1,Hemi,Mut,Placebo,21,ZsuFCGr21c_Cond,1.31,26.47,19.61,1.13,12.99,0.2047245696,1,690.793,20.3871,50.317,10,81.7,1741.062231,75.5422,153.52,13.8138,0.9174476406,59.01,334.06,0.6997481365
21,C6913546,517,Fmr1,Fmr1,Hemi,Mut,Tide,21,ZsuFCGr21_bCond,0,26.42,28.69,12.58,47.5,0.1023467073,1,415.08,12.4792,27.7945,4,49.25,1838.723598,65.4321,138.872,26.6266,0.8391128384,NA,NA,NA
21,C6906735,458,Fmr1,Fmr1,Hemi,Mut,Placebo,21,ZsuFCGr21aCond,1.97,33.71,45.13,9.49,24.78,0.1243680799,0.8571428571,597.35,17.9847,32.8328,6,96.5,1704.682289,125.492,93.5269,34.0007,0.7333855573,84,240.07,0.4815934829
21,C6906735,459,Fmr1,Fmr1,Hemi,Mut,Tide,21,ZsuFCGr21aCond,5.77,36.51,57.47,10.21,22.84,0.1059013128,0.8,440.997,13.1131,28.56187,4,8.95,1298.560049,88.1548,112.446,48.4818,0.6987357063,NA,NA,NA
21,C6917030,482,Chd8,Chd8,Het,Mut,Tide,21,ZsuFCGr21_bCond,9.38,8.82,29.85,9.03,37.78,0.0337947174,0.3333333333,396.745,11.8452,9.77644,1,18.9,1638.542661,123.991,96.0294,36.1361,0.7265844717,NA,NA,NA
21,,483,Chd8,Wt,Wt,Wt,Placebo,21,ZsuFCGr21_bCond,5.2,18.32,30.37,8.64,25.51,0.0593078648,1,210.866,6.47315,16.58325,5,25.65,1754.249159,128.228,58.9256,53.8539,0.5224850261,147.08,241.09,0.2421877013
21,C6906719,433,Chd8,Chd8,Het,Mut,Placebo,21,ZsuFCGr21aCond,15.01,12.42,72.2,17.47,44.66,0,0,250.025,7.57424,0,0,33.1,1635.689182,55.5889,74.3076,86.6533,0.4616500032,55.05,234.02,0.6191233957
21,C6906719,435,Chd8,Chd8,Het,Mut,Placebo,21,ZsuFCGr21aCond,9.78,12.42,46.68,25.02,48.36,0.0121662683,0.75,418.454,12.2456,3.6036,3,25.2,1504.728635,57.324,117.217,37.8378,0.7559714372,NA,NA,NA
22,,503,Chd8,Wt,Wt,Wt,Tide,22,ZsuFCGr22b_Cond,29.79,47.29,67.63,8.11,14.57,0.0324950876,0.6666666667,374.199,11.3113,9.44278,2,27.7,805.250778,224.124,58.1248,14.9149,0.795797354,NA,NA,NA
22,,504,Chd8,Chd8,Het,Mut,Tide,22,ZsuFCGr22c_Cond,4.16,19.69,54.68,9.2,32.69,0,0,274.196,7.97463,0,0,7.65,992.262933,214.781,42.5092,12.7461,0.7693234857,91.04,148.09,0.238573161
22,,487,Chd8,Chd8,Het,Mut,Tide,22,ZsuFCGr22a_Cond,16.7,28.32,67.89,14.5,46.26,0,0,358.791,10.5439,0,0,12.1,1113.767152,60.4938,105.339,77.7778,0.575255793,72.04,146.09,0.339476459
22,,497,Chd8,Wt,Wt,Wt,Placebo,22,ZsuFCGr22a_Cond,11.01,20.84,67.51,5.02,17.54,0.1090637007,0.875,604.321,17.6176,29.4294,7,13.7,1314.732867,46.5465,112.179,53.6203,0.6765951364,NA,NA,NA
22,,498,Chd8,Chd8,Het,Mut,Placebo,22,ZsuFCGr22b_Cond,5.64,24.6,37.14,8.34,27.11,0.0592775374,1,365.535,10.9109,16.91692,3,34.25,1246.640355,149.683,96.3964,20.7541,0.8228424121,96.04,109.02,0.0632985468
22,,540,Fmr1,Fmr1,Hemi,Mut,Tide,22,ZsuFCGr22c_Cond,6.52,41.51,74.22,2.19,36.94,0.0634788001,1,505.679,14.7815,17.85114,5,20.85,1392.286924,59.326,108.609,104.438,0.5097889198,NA,NA,NA
22,,541,Fmr1,Fmr1,Hemi,Mut,Placebo,22,ZsuFCGr22d_Cond,0,25.37,34.03,4.7,36.27,0.2153721456,1,529.805,15.7491,52.4524,8,10.45,1293.208546,145.746,79.0791,31.4314,0.7155799675,41.06,222.09,0.687934638
22,,542,Fmr1,Fmr1,Hemi,Mut,Placebo,22,ZsuFCGr22d_Cond,3.36,33.71,29.59,0,33.58,0.0817281421,0.8,410.772,12.1455,22.65594,4,61.35,1125.252058,77.0437,127.861,31.031,0.804703824,NA,NA,NA
22,,549,Fmr1,Wt,Wt,Wt,Placebo,22,ZsuFCGr22e_Cond,0.49,30.03,49.72,8.99,23.66,0.0311239014,1,311.352,8.00801,9.009,4,53.45,1341.879046,226.894,36.4364,7.47414,0.8297871081,102.03,106.06,0.0193666202
22,,550,Fmr1,Fmr1,Hemi,Mut,Tide,22,ZsuFCGr22e_Cond,2.32,30.54,76.93,5.32,40.44,0.1319614277,0.8571428571,590.665,17.3173,34.8683,6,13.45,1314.688135,125.592,86.2863,35.1351,0.7106350281,NA,NA,NA
22,,551,Fmr1,Fmr1,Hemi,Mut,Placebo,22,ZsuFCGr22f_Cond,0.42,11.99,17.76,0,19.18,0.1694832356,1,718.719,21.288,43.1766,11,49,2240.50025,43.6103,152.853,43.2766,0.7793469216,57.07,243.06,0.6196981308
22,,552,Fmr1,Fmr1,Hemi,Mut,Tide,22,ZsuFCGr22f_Cond,0,8.71,32.58,1.89,14.98,0.1913198227,0.8,582.196,16.9837,47.948,8,7.35,945.924621,72.9062,161.995,16.1828,0.9091761151,NA,NA,NA
22,,553,Fmr1,Fmr1,Hemi,Mut,Tide,22,ZsuFCGr22g_Cond,0.81,2.79,40.95,0.46,37.64,0.1617079747,1,561.817,16.2162,41.7084,6,61.1,1478.980961,76.5432,154.922,14.2476,0.9157791944,54.05,97.06,0.2846270928
22,,590,Fmr1,Fmr1,Hemi,Mut,Placebo,22,ZsuFCGr22g_Cond,4.37,44.57,73.72,6.08,48.27,0.0350856556,0.6666666667,384.614,11.5115,10.17684,2,20.1,888.361149,298.632,0,0,NA,NA,NA,NA
23,,671,Fmr1,Fmr1,Hemi,Mut,Tide,23,ZsuFCGr23b_Cond,24.91,49.13,69.24,17.67,56.51,0.0611348113,0.75,367.653,10.9776,17.18384,3,20.75,1223.67329,170.337,88.7221,13.9473,0.864153292,132.09,234.04,0.2784530085
23,,672,Fmr1,Fmr1,Hemi,Mut,Placebo,23,ZsuFCGr23b_Cond,0.33,33.13,42.54,11.91,29.31,0.0343074404,0.5,310.474,9.14247,9.90991,2,23.35,1410.476712,47.8478,158.125,34.7347,0.8198965362,NA,NA,NA
23,,614,Fmr1,Wt,Wt,Wt,Tide,23,ZsuFCGr23a_Cond,17.08,33.13,68.39,27.34,48.73,0.0228981573,0.3333333333,198.403,5.97265,6.70671,1,2.85,53.874062,40.9743,88.9223,55.7891,0.614480269,133,223.06,0.2529348986
23,,615,Fmr1,Fmr1,Hemi,Mut,Placebo,23,ZsuFCGr23a_Cond,10.99,32.18,52.91,9.31,34.38,0.1018506868,0.8888888889,568.893,16.5499,27.3607,8,2.9,243.569543,17.8178,181.315,64.9316,0.7363147349,NA,NA,NA
23,,616,Fmr1,Wt,Wt,Wt,Placebo,23,ZsuFCGr23a_Cond,8.89,30.81,95.64,22.89,57.54,0.0962851719,0.75,339.89,10.0767,26.2929,3,13,461.231864,183.217,62.3957,26.6266,0.7008996622,475.05,0,-1
23,,617,Fmr1,Fmr1,Hemi,Mut,Placebo,23,ZsuFCGr23a_Cond,2.61,30.36,28.09,1.14,7.97,0.1570855742,0.8571428571,668.438,19.7531,40.5739,6,36.45,1658.867819,61.2613,185.853,8.40841,0.9567160045,NA,NA,NA
23,,618,Fmr1,Fmr1,Hemi,Mut,Tide,23,ZsuFCGr23b_Cond,1.18,32.47,71.26,13.58,53.48,0.163815387,1,713.311,21.0544,42.1755,7,11.3,570.156641,300.2,0,0,NA,15.02,215.04,0.8694253673
23,,640,Fmr1,Wt,Wt,Wt,Tide,23,ZsuFCGr23b_Cond,3.02,29.29,36.14,9.61,33.53,0.0519556591,0.8,310.712,9.20921,14.8482,4,13.25,912.607933,43.043,179.947,24.7247,0.8791982477,NA,NA,NA
23,,654,Fmr1,Fmr1,Hemi,Mut,Placebo,23,ZsuFCGr23c_Cond,1.2,8,43.28,13.89,46.48,0.0248440373,0.3333333333,246.294,7.37404,7.17384,1,95.85,1467.788114,86.7534,109.243,62.696,0.6353590518,132.06,290.01,0.374227024
23,,655,Fmr1,Fmr1,Hemi,Mut,Tide,23,ZsuFCGr23c_Cond,4.26,33.24,48.81,15.68,30.8,0.1160479995,0.875,531.718,15.649,31.19788,7,51.35,1366.272439,33.9006,126.76,54.321,0.7000182239,NA,NA,NA
23,,656,Fmr1,Fmr1,Hemi,Mut,Placebo,23,ZsuFCGr23c_Cond,0.34,26.58,43.86,5.7,41.48,0.1401771606,0.8333333333,592.508,17.9179,36.9036,5,8.6,1141.332778,28.3283,202.369,43.3433,0.8236014233,130,286.02,0.3750300466
23,,688,Chd8,Wt,Wt,Wt,Placebo,23,ZsuFCGr23c_Cond,2.41,9.74,9.1,2.89,28.19,0.0170823228,0.6666666667,289.333,8.70871,5.005001,2,63.2,1778.447194,66.3664,129.029,25.6256,0.8343043143,NA,NA,NA
0,,592,Arid1b,Arid1b,Het,Mut,Tide,24,ZsuFCGr24a_Cond,13.93,1.43,60.95,14.22,56.5,0.0099966293,0.5,112.9039404779,3.53688,2.969636,1,25.45,999.861378,300.400399,0,0,NA,0,0,NA
0,,602,Arid1b,Arid1b,Het,Mut,Placebo,24,ZsuFCGr24a_Cond,5.49,22.63,55.05,13.93,36.29,0.0522125996,0.75,395.7244294841,11.911912,14.881549,3,29.35,1601.577963,159.35936,69.269269,15.648983,0.8157170852,NA,NA,NA
0,,718,Chd8,Chd8,Het,Mut,Tide,24,ZsuFCGr24a_Cond,4.88,25.4,68.23,6.38,40.59,0.0036031999,0.5,148.212080695,4.637978,1.067735,1,13.7,1579.294048,254.854855,28.595261,0,1,116.04,254.07,0.3729431791
0,,802,Chd8,Chd8,Het,Mut,Placebo,24,ZsuFCGr24a_Cond,2.28,11.42,36.73,5.13,29.33,0.0097796766,0.5,450.381830951,13.213218,2.902903,1,28.65,2336.037662,82.248916,96.129463,38.905572,0.7118853489,NA,NA,NA
24,,607,Nhs,Nhs,Hemi,Mut,Placebo,24,ZsuFCGr24b_Cond,0.96,24.54,29.43,10.2,29.69,0.0991411058,0.6666666667,531.4642453708,15.915922,26.960294,4,70.65,3129.442232,108.274941,91.624961,39.10577,0.700867809,67.04,254.02,0.5823833551
24,,609,Nhs,Nhs,Hemi,Mut,Placebo,24,ZsuFCGr24b_Cond,0.77,37.92,41.62,6.04,21.93,0.0618617879,0.8,444.4761140098,12.84617,17.38405,4,14,1558.078304,86.686687,113.847179,51.685017,0.6877645664,NA,NA,NA
0,,805,Chd8,Wt,Wt,Wt,Tide,25,ZsuFCGr25a_Cond,17.56,17.57,76.42,3.03,49.68,0.1034185904,0.8333333333,469.4423902057,13.947276,28.061394,5,29.35,2233.867983,148.882212,90.523858,8.27494,0.9162445276,42.13,357.78,0.7893025931
0,,806,Chd8,Chd8,Het,Mut,Tide,25,ZsuFCGr25a_Cond,11.22,10.04,48.35,4.78,31.87,0.1093287257,1,424.2112101057,12.712715,29.562896,4,2.45,526.208501,247.847847,25.091758,284.317649,0.0810956533,NA,NA,NA
0,,808,Chd8,Chd8,Het,Mut,Placebo,25,NA,NA,NA,NA,NA,NA,NA,NA,NA,NA,NA,NA,NA,NA,NA,NA,NA,NA,NA,NA,NA
0,,809,Chd8,Wt,Wt,Wt,Placebo,25,ZsuFCGr25a_Cond,5.38,19.59,37.01,0,23.34,0.1479526212,0.8571428571,776.4937956049,22.889553,38.33834,6,31.25,1104.657081,194.527861,62.195527,7.707708,0.8897374635,75.61,110.85,0.1889949587
0,,877,Chd8,Chd8,Het,Mut,Tide,25,ZsuFCGr25a_Cond,8.63,34.62,45.57,8.31,53.62,0.0127266581,0.5,346.408616586,10.510514,3.770437,1,16.8,846.301332,90.690691,40.807475,29.963296,0.5766148146,NA,NA,NA
0,,878,Chd8,Chd8,Het,Mut,Placebo,25,ZsuFCGr25b_Cond,0,9.57,30.55,11.84,46.11,0.0424094182,0.5,371.4599808489,11.211203,12.14548,2,8.9,988.830748,61.861862,102.869538,92.058727,0.5277302294,19.74,73.55,0.5768035159
0,,903,Arid1b,Arid1b,Het,Mut,Tide,25,ZsuFCGr25b_Cond,2.46,3.99,23.07,1.87,26.94,0.0068339692,0.5,261.6395049281,8.008003,2.035369,1,9.8,1084.567781,135.602269,83.850518,268.601934,0.2379059006,NA,NA,NA
0,,905,Arid1b,Arid1b,Het,Mut,Placebo,25,ZsuFCGr25b_Cond,3.51,11.63,47.87,4.68,22.91,0.0404169068,0.6666666667,305.7299126445,9.376049,11.644978,2,2.2,443.634085,266.633299,17.617617,0,1,33.97,21.81,-0.2179992829
0,,868,Chd8,Chd8,Het,Mut,Tide,25,ZsuFCGr25b_Cond,0,11.46,21.85,3.91,17.78,0.0086371288,0.5,266.5540729313,7.974652,2.569236,1,44.6,1757.984904,155.422088,89.18919,20.053387,0.8164324977,NA,NA,NA
0,,869,Chd8,Wt,Wt,Wt,Tide,25,ZsuFCGr25c_Cond,0.48,4.01,37.3,1.76,26.58,0.0846311659,1,555.0115701967,16.216216,23.390055,6,58.55,1893.80041,15.715715,168.234904,56.589924,0.7482932623,266.56,22.65,-0.8433664119
0,,870,Chd8,Wt,Wt,Wt,Placebo,25,ZsuFCGr25c_Cond,2.99,18.53,52.63,5.6,37.76,0.1294220221,0.75,393.4221639293,11.845171,34.668001,3,11.6,858.603339,26.69336,152.118786,254.954955,0.3736885254,NA,NA,NA
0,,871,Chd8,Chd8,Het,Mut,Placebo,25,ZsuFCGr25c_Cond,0,13.68,8.46,2.28,50.77,0.1088108439,0.9,951.7987741069,26.960294,29.462796,9,16.1,2365.87934,88.45512,106.439773,26.426427,0.8011049688,58.85,47.34,-0.1083906206
0,,872,Chd8,Wt,Wt,Wt,Tide,25,ZsuFCGr25c_Cond,2.86,16.01,57.07,2.17,20.88,0.1303688798,0.7777777778,752.0276699273,22.188843,34.434436,7,18.3,871.006426,224.157491,152.218885,17.784451,0.8953876352,NA,NA,NA
0,,993,Chd8,Chd8,Het,Mut,Tide,26,ZsuFCGr26a_Cond,2.49,14.17,27.73,7.33,42.26,0.0012348461,0.5,411.7290642105,12.24559,0.367034,1,23.35,1660.662156,90.423757,88.888886,41.675006,0.6808075697,30.05,263.02,0.794929539
0,,977,Chd8,Wt,Wt,Wt,Placebo,26,ZsuFCGr26a_Cond,4.2,13.26,44.08,6.08,32.52,0.230842131,0.9090909091,696.1914782143,20.653974,56.890223,10,NA,NA,45.345346,95.462129,34.634637,0.7337778788,33.04,326,0.8159536542
0,,980,Chd8,Wt,Wt,Wt,Tide,26,ZsuFCGr26a_Cond,17.44,33.1,58.56,5.68,36.9,0.0812591501,0.5,342.4748799896,10.343685,22.222222,2,22.6,863.934406,73.173174,62.89623,19.452785,0.7637763488,26.02,92.04,0.5592071828
0,,981,Chd8,Chd8,Het,Mut,Tide,26,ZsuFCGr26a_Cond,16.12,14.6,70.39,5.08,44.82,0,0,300.8458533986,8.808802,0,0,8.65,813.152887,29.72973,108.041374,19.652986,0.8460935471,18,284.09,0.8808302162
0,,982,Chd8,Chd8,Het,Mut,Placebo,26,ZsuFCGr26b_Cond,5.14,24.91,49.12,3.44,38.28,0.1887474875,1,279.2189013172,8.408416,47.01368,2,20.4,1196.371965,24.491159,129.262595,50.116783,0.7206101194,92.07,155.09,0.2549765334
0,,959,Arid1b,Arid1b,Het,Mut,Tide,26,ZsuFCGr26b_Cond,12.19,28.8,75.98,20.47,43.79,0.008646828,0.3333333333,116.7615033001,3.570236,2.569236,1,8.3,430.409974,213.313313,58.291624,0,1,18.07,0,-1
0,,960,Arid1b,Arid1b,Het,Mut,Placebo,26,ZsuFCGr26b_Cond,23.13,11.82,87.4,23.02,48.64,0.0011133378,0.5,150.6512113042,4.471146,0.333667,1,68.55,1185.979343,205.905905,52.919587,0.734068,0.9863183971,0,0,NA
0,,963,Arid1b,Arid1b,Het,Mut,Tide,26,ZsuFCGr26b_Cond,32.72,14.18,75.54,15.03,53.66,0.0433975408,1,363.4766851491,10.877546,12.479146,3,28.55,2502.000577,299.999999,0,0,NA,135.04,94.01,-0.1791311941
0,,964,Arid1b,Wt,Wt,Wt,Placebo,26,ZsuFCGr26c_Cond,11.68,31.78,50.54,13.17,41.22,0.0025770305,0.5,201.2850821512,6.03937,0.767434,1,10.65,828.399352,228.328328,60.460461,13.913914,0.8129205926,122.07,222.05,0.2905381844
0,,967,Arid1b,Arid1b,Het,Mut,Placebo,26,ZsuFCGr26c_Cond,35.44,11.84,89.8,31.8,55.66,0.0083258299,0.6666666667,176.6701419634,5.338671,2.469135,2,2.65,234.455291,194.02736,54.721388,32.065399,0.6305267183,16.06,0,-1
0,,1009,Arid1b,Arid1b,Het,Mut,Tide,26,ZsuFCGr26c_Cond,20.03,43.24,88.34,16.11,53.52,0.027657145,0.6666666667,125.6470256631,3.903902,8.074742,2,2.55,403.882886,290.857524,1.701701,5.071739,0.2512314275,0,0,NA
0,,2009,Shank3,Shank3,Homo,Mut,Placebo,26,NA,NA,NA,NA,NA,NA,NA,NA,NA,NA,NA,NA,39.35,512.653637,NA,NA,NA,NA,0,425,1
0,,2015,Shank3,Shank3,Homo,Mut,Placebo,26,ZsuFCGr26c_Cond,3.38,32.47,29.11,0.34,42.39,0.1366113356,0.75,528.3164279511,15.782463,35.969304,6,12.05,1196.635715,49.149148,131.398064,59.526192,0.6882209037,59.03,351.07,0.7121189954
0,,2017,Shank3,Shank3,Homo,Mut,Tide,26,ZsuFCGr26d_Cond,0,2.53,27.25,0,12.33,0.2161704581,0.75,866.0171618913,25.258576,51.117785,12,22.2,1363.019699,21.988654,119.519518,70.570571,0.6287519703,62.06,308.09,0.6646764825
27,,986,Chd8,Wt,Wt,Wt,Placebo,27,ZsuFCGr27a_Cond,0,3.74,26.74,0.87,33.88,0.1710303376,0.9,820.1195596357,24.124135,43.810474,9,26.45,1950.448135,122.822823,89.022355,36.002668,0.7120363017,NA,NA,NA
27,,987,Chd8,Chd8,Het,Mut,Tide,27,ZsuFCGr27a_Cond,17.8,13.64,40.83,25.04,31.37,0,0,211.6293135279,6.373046,0,0,9.8,444.982129,214.481146,41.641642,9.976644,0.8067226796,42.71,216.92,0.6709933367
27,,988,Chd8,Chd8,Het,Mut,Placebo,27,ZsuFCGr27a_Cond,23.01,46.81,70.82,21.87,47.24,0.0061541888,0.5,183.8747075228,5.472139,1.835168,1,2.6,525.76249,221.721721,22.155489,44.911578,0.3303482617,NA,NA,NA
27,,989,Chd8,Chd8,Het,Mut,Tide,27,ZsuFCGr27a_Cond,0.73,14.91,31.46,1.74,37.21,0.0671340249,1,555.6406718091,16.249577,18.852184,8,43,1943.693998,105.739073,66.933601,36.503169,0.6470967819,NA,NA,NA
27,,1016,Chd8,Wt,Wt,Wt,Placebo,27,ZsuFCGr27b_Cond,1.58,11.58,50.37,3.12,39.49,0.1770404836,0.8571428571,565.6881395701,16.683343,44.511179,6,61,1863.125814,173.540206,12.579246,93.993994,0.1180338141,30.63,164.57,0.6861680328
27,,1017,Chd8,Chd8,Het,Mut,Placebo,27,ZsuFCGr27b_Cond,8.94,10.43,40.32,15.22,48.02,0,0,396.6640225511,11.578243,0,0,14.35,985.087926,300.100099,0,0,NA,NA,NA,NA
27,,1018,Chd8,Chd8,Het,Mut,Tide,27,ZsuFCGr27b_Cond,2.89,20.01,39.24,5.02,19.89,0.0873298155,1,446.9258995369,13.513508,23.75709,5,17,1583.086266,114.848181,103.169835,67.567567,0.6042603073,78.13,167.47,0.363762215
27,,1023,Chd8,Chd8,Het,Mut,Placebo,27,ZsuFCGr27b_Cond,1.8,9.96,27.64,0.38,8.57,0.0224962856,0.5,385.0699589345,11.344675,6.573239,2,46.1,1022.36846,90.357025,64.064064,56.02269,0.5334815195,NA,NA,NA
27,,1049,Arid1b,Wt,Wt,Wt,Tide,27,ZsuFCGr27c_Cond,3.66,18.71,32.16,3.27,42.8,0.0218560452,0.6666666667,331.365803862,10.04339,6.373039,2,17.15,1109.61304,179.079078,78.345011,23.523524,0.7690795887,0,79.86,1
27,,1050,Arid1b,Wt,Wt,Wt,Placebo,27,ZsuFCGr27c_Cond,10.88,27.29,61.46,12.49,41.11,0.0582901538,0.6666666667,399.6336095591,11.811796,16.516516,2,10.85,862.163723,NA,0,140.607273,0,NA,NA,NA
28,,2375,Arid1b,Wt,Wt,Wt,Tide,28,ZsuFCGr28a_Cond,0,9.7,20.13,1.38,6.68,0.2058547013,1,522.7398478937,15.815828,51.15115,9,21.1,673.132712,146.91358,90.056724,15.215215,0.8554675145,120.03,120.2,0.0007076552
28,,2376,Arid1b,Arid1b,Het,Mut,Tide,28,ZsuFCGr28a_Cond,11.69,10.99,90.61,11.08,37.98,0,0,128.6138010501,3.970631,0,0,5.5,378.942466,251.04,28.03,9.04,0.756137038,NA,NA,NA
28,,2377,Arid1b,Wt,Wt,Wt,Placebo,28,ZsuFCGr28a_Cond,2.7,24.76,43.89,11.41,17.36,0.1749084219,1,569.7742300877,17.117117,44.611277,5,50.45,1660.223302,86.720053,103.43677,64.664664,0.6153235433,109.05,223,0.3431712092
28,,2370,Arid1b,Wt,Wt,Wt,Tide,28,ZsuFCGr28a_Cond,35.2,46.14,2.1,1.63,37.74,0.0237031951,1,264.2486569589,8.141466,6.906907,2,27.55,1403.766624,264.964964,22.789455,0,1,56.04,111.04,0.3291836246
28,,2371,Arid1b,Wt,Wt,Wt,Placebo,28,ZsuFCGr28b_Cond,0,17.36,31.26,2.66,50.67,0.1639662972,0.8,633.2999464678,19.185863,42.208875,8,35.6,1787.785392,60.293626,110.61061,82.21555,0.5736286508,230.06,106.04,-0.3689973222
28,,2372,Arid1b,Arid1b,Het,Mut,Placebo,28,ZsuFCGr28b_Cond,3.49,20.64,61.44,27.48,42.3,0.0386356459,0.6666666667,NA,NA,11.01,2,3.55,404.596921,300.567233,0,0,NA,19.09,85.08,0.6334837285
28,,2373,Arid1b,Wt,Wt,Wt,Tide,28,ZsuFCGr28b_Cond,2.96,20.89,81.79,0,51.28,0.1428571315,1.1666666667,560.2391235906,16.683353,37.837835,7,20.95,1469.111057,78.845512,53.520187,134.868201,0.2840949358,5.06,91.04,0.8946930281
28,,2374,Arid1b,Wt,Wt,Wt,Placebo,28,ZsuFCGr28b_Cond,0,20.32,69.41,1.64,42.68,0.0961656273,0.75,689.2548613546,20.453785,26.19286,3,12.1,1508.284496,203.069736,33.600267,40.306973,0.4546275439,22,47.08,0.3630573248
28,,2365,Arid1b,Wt,Wt,Wt,Tide,28,ZsuFCGr28c_Cond,1.29,31.48,32.49,7.81,41.76,0.0896602449,0.6666666667,353.2643059864,10.67734,24.391057,4,21.6,931.834914,299.933266,0,0,NA,0,58.05,1
28,,2357,Arid1b,Wt,Wt,Wt,Placebo,28,ZsuFCGr28c_Cond,4.86,8.09,53.28,12.18,27.34,0.0440032571,0.75,275.6948407432,8.375042,12.645981,3,1.6,584.121262,105.672339,59.526191,64.731399,0.4790547684,31.06,217.09,0.7496675398
28,,2358,Arid1b,Arid1b,Het,Mut,Tide,28,ZsuFCGr28c_Cond,11.72,12.57,80.14,16.88,35.97,0.0049173006,0.5,294.2419625719,9.075745,1.468135,1,7.25,792.103106,26.526527,90.09009,109.109108,0.4522613088,0,28.09,1
28,,2359,Arid1b,Arid1b,Het,Mut,Placebo,28,ZsuFCGr28c_Cond,1.11,6.99,55.34,0,11.69,0.1514134499,0.875,444.7626575936,13.613612,39.139139,7,3.45,907.417512,299.899899,0,0,NA,0,0,NA
29,C7179630,3212,Chd8,Chd8,Het,Mut,Tide,29,ZsuFCGr29a_Cond,0.42,30.18,49.96,23.8,54.77,0.0391520887,0.75,323.17686543,9.776444,11.277944,3,6.45,802.200602,197.464129,25.458793,34.300967,0.4260189967,3.04,141.08,0.9578129337
29,C7179703,3217,Chd8,Chd8,Het,Mut,Placebo,29,ZsuFCGr29a_Cond,6.63,15.22,27.65,6.61,32.52,0.0567567529,1,372.5082998659,11.04438,16.116115,3,32.6,1548.17691,78.511845,101.868534,51.618285,0.6636956493,30.04,166.09,0.6936725641
29,C7179703,3220,Chd8,Chd8,Het,Mut,Tide,29,ZsuFCGr29a_Cond,6.6,17,62.29,17.2,42.26,0.0132242533,0.5,240.6388580945,7.340676,3.937271,1,6,1079.848317,172.539205,47.847848,30.196864,0.613082511,61.05,209,0.5478615071
29,C7188947,3305,Chd8,Wt,Wt,Wt,Placebo,29,ZsuFCGr29a_Cond,4.59,17.16,88.87,5.02,39.23,0.1366286459,0.8333333333,501.9463416755,15.181853,35.969303,5,26.6,1174.594908,34.267602,162.629297,35.268602,0.8217838482,80,128.03,0.2308801615
29,C7188947,3307,Chd8,Chd8,Het,Mut,Placebo,29,ZsuFCGr29b_Cond,0.86,4.67,50.5,0.38,32.11,0.0948413198,0.5714285714,632.0451120976,18.518514,25.825826,4,35.1,2397.719984,67.667667,99.132465,33.600267,0.7468577155,80.09,168.08,0.3545553451
29,C7181507,3225,Shank3,Shank3,Homo,Mut,Tide,29,ZsuFCGr29b_Cond,0,6.58,24.19,3.07,28.28,0.1526727314,1,778.5429018705,22.78947,39.739739,11,14.8,1411.636779,62.09543,151.618286,27.594262,0.8460249446,34,165.02,0.6583257964
29,C7181507,3226,Shank3,Wt,Wt,Wt,Tide,29,ZsuFCGr29b_Cond,11.51,35.23,81.24,10.21,33.72,0.1065220041,0.8888888889,639.5106314576,18.918913,28.828828,8,10.25,1343.25388,16.616616,80.38038,147.881215,0.352141498,34.04,167.05,0.6614451241
30,C7190671,3327,Arid1b,Arid1b,Het,Mut,Placebo,30,ZsuFCGr30a_Cond,3.36,18.71,50.36,7.64,46.28,0,0,92.591239228,2.902906,0,0,4.15,509.452166,299.933265,0,0,NA,0,0,NA
30,C7197298,3313,Chd8,Chd8,Het,Mut,Tide,30,ZsuFCGr30a_Cond,14.81,19.86,34.92,11.77,45.61,0.0365417872,0.75,268.8965273443,8.141464,10.577244,3,19.2,870.028144,130.889,88.278,35.66,0.7122754926,106,93.89,-0.0605833208
30,C7108646,3407,Chd8,Wt,Wt,Wt,Placebo,30,ZsuFCGr30a_Cond,18.9,45.11,48.31,4.32,40.2,0,0,123.2082025821,3.803799,0,0,3.7,965.05754,198.098098,44.544544,34.200867,0.5656779669,17.37,156.23,0.7998847926
30,C7208646,3410,Chd8,Chd8,Het,Mut,Tide,30,ZsuFCGr30a_Cond,15.58,34.23,57.01,7.76,24.09,0.0049619198,0.5,229.5074839454,7.007001,1.434768,1,6.05,830.668224,138.038037,105.538871,20.987654,0.8341244731,60.88,139.67,0.3928696086
30,C7201723,3323,Chd8,Chd8,Het,Mut,Placebo,30,ZsuFCGr30b_Cond,5.02,5.29,25.39,8.92,30.81,0.1177128699,0.8333333333,344.1645751022,10.410398,31.598266,5,15.35,1283.591121,36.636638,110.877543,60.26026,0.6478845764,38.33,233.78,0.7182756973
30,C7201723,3324,Chd8,Chd8,Het,Mut,Tide,30,ZsuFCGr30b_Cond,10.59,32.57,37.41,8.99,43.7,0.0668546578,0.75,344.2509439057,10.543866,18.985652,3,20,1504.675279,300.066732,0,0,NA,49.97,236.6,0.6512544928
31,C7222605,3488,Arid1b,Wt,Wt,Wt,Tide,31,ZsuFCGr31a_Cond,3.04,31.63,38.06,8.03,45.64,0.059627625,0.8,240.382851462,7.240573,16.883551,4,44,1392.086362,299.933266,0,0,NA,26.07,123.09,0.6504424779
31,C7222605,3489,Arid1b,Arid1b,Het,Mut,Placebo,31,ZsuFCGr31a_Cond,2.74,9.63,52.69,NA,NA,0.0153568196,0.6666666667,220.3063102469,6.873538,4.537871,2,19.2,937.899931,299.933266,0,0,NA,19.35,166.49,0.7917563495
31,C7235037,3623,Arid1b,Arid1b,Het,Mut,Tide,31,ZsuFCGr31a_Cond,19.79,20.31,69.54,11.33,41.12,0,0,137.1120690963,4.237579,0,0,6.85,605.247318,300.133466,0,0,NA,0,307.03,1
31,C7235037,3624,Arid1b,Wt,Wt,Wt,Placebo,31,ZsuFCGr31a_Cond,9.88,30.76,64.08,7.24,47.03,0,0,347.1778731742,10.477145,0,0,26.5,909.920094,202.168835,78.778779,0,1,28.51,353.13,0.8505921811
31,C7230901,3586,Shank3,Shank3,Homo,Mut,Placebo,31,ZsuFCGr31b_Cond,0,17.89,5.44,0,7.43,0.1354546686,0.8888888889,736.065294072,21.588258,35.935938,8,39,1506.610752,99.799798,96.930264,38.772106,0.7142857122,174.09,44,-0.5964968591
31,C7230901,3587,Shank3,Wt,Wt,Wt,Tide,31,ZsuFCGr31b_Cond,6.06,28.8,41.08,1.56,29.53,0.0716243569,0.75,431.2316331844,12.879545,20.053386,3,37.9,1156.790907,81.981981,116.816819,36.169502,0.7635768887,36.02,171.05,0.6520983242
31,C7225546,3600,Nhs,Nhs,Hemi,Mut,Tide,31,ZsuFCGr31b_Cond,8.48,43.7,72.36,20.49,44.43,0,0,240.65321099,7.273952,0,0,5.9,518.110692,146.646647,55.221889,83.71705,0.3974543738,102.06,129.06,0.1168224299
31,C7225546,3601,Nhs,Nhs,Hemi,Mut,Placebo,31,ZsuFCGr31b_Cond,17.76,47.91,82.63,4.16,28.37,0,0,227.6199729891,6.773439,0,0,60.5,1058.088895,278.111444,0,16.58325,0,19.02,344.06,0.8952297014
31,C7225546,3602,Nhs,Nhs,Hemi,Mut,Tide,31,ZsuFCGr31c_Cond,0.38,32.26,44.12,5.44,32.98,0.1116121854,1,604.1102225918,18.051389,29.729732,8,40.9,1003.784585,210.31031,29.763096,29.396063,0.5031020809,27.03,128.09,0.6514956163
31,C7225551,3603,Nhs,Nhs,Hemi,Mut,Placebo,31,ZsuFCGr31c_Cond,10.62,42.41,72.95,17.23,53.1,0.0055915903,0.5,289.7762960591,8.808809,1.668335,1,1.65,320.19118,129.229229,136.736736,12.112112,0.9186281106,94.02,91.03,-0.0161577952
31,C7225551,3604,Nhs,Nhs,Hemi,Mut,Tide,31,ZsuFCGr31c_Cond,0.78,30.68,40.53,12.07,23.92,0.0313644661,1,342.8820653809,10.44377,9.142475,3,16.5,965.382588,NA,84.82,16.358,0.838324537,23.01,22.08,-0.0206254158
31,C7225551,3605,Nhs,Nhs,Hemi,Mut,Placebo,31,ZsuFCGr31c_Cond,22.27,39.73,72.69,7.98,24.21,0.1246578734,0.75,573.1032484236,16.950288,33.433433,3,4.45,560.878916,145.278611,84.21755,32.332332,0.7225880332,15.07,182.07,0.8471137263
32,C7246330,3679,Nhs,Nhs,Hemi,Mut,Tide,32,ZsuFCGr32a_Cond,1.83,27.87,50.22,4.42,31.67,0.0777071609,0.8571428571,466.57777887,13.880549,21.621622,6,60.15,1342.174286,13.213213,120.453787,103.303304,0.5383238871,76.04,88.01,0.0729655593
32,C7246330,3680,Nhs,Nhs,Hemi,Mut,Placebo,32,ZsuFCGr32a_Cond,3.61,12.54,47.07,10.67,26.39,0.0146182391,1,492.7963614809,14.581255,4.337671,2,34.2,1925.205168,39.372706,197.76443,19.252587,0.9112853579,59.05,143.08,0.4157225548
32,C7246330,3681,Nhs,Nhs,Hemi,Mut,Tide,32,ZsuFCGr32a_Cond,0,16.89,55.13,3.84,28.87,0.0816474005,0.75,547.9826704415,16.383036,22.622623,3,28.3,2162.517651,52.052052,143.309976,30.130131,0.8262793334,48.03,139.03,0.4864749278
32,C7246330,3682,Nhs,Nhs,Hemi,Mut,Placebo,32,ZsuFCGr32a_Cond,7.64,31.21,79.04,6.09,41.17,0.1348484869,0.875,684.7108420732,20.086756,35.635636,7,22.7,1455.885083,4.604604,15.949282,257.524191,0.0583211301,24.09,150.04,0.7233101706
32,C7246330,3683,Nhs,Nhs,Hemi,Mut,Tide,32,ZsuFCGr32b_Cond,0.34,34.22,67.5,4.88,50.8,0.0364265158,0.6666666667,353.4647422817,10.610616,10.543878,2,20.55,1421.320936,30.263597,96.996997,110.710711,0.4669879512,30.01,112.02,0.5774132226
32,C7243154,3690,Nhs,Nhs,Hemi,Mut,Placebo,32,ZsuFCGr32b_Cond,10,16.91,58.87,16.27,52.88,0.0135272201,0.6666666667,328.7984989944,9.843174,4.004003,2,6.6,1934.227698,51.051051,161.194529,45.745746,0.7789422769,50.04,100.01,0.3330223259
32,C7247800,3710,Nhs,Nhs,Hemi,Mut,Tide,32,ZsuFCGr32b_Cond,1.7,28.52,47.71,0.89,33.79,0,0,295.5189094071,8.975645,0,0,71.85,2390.664194,278.778778,0,9.80981,0,35,199.06,0.7009313851
32,C7247800,3711,Nhs,Nhs,Hemi,Mut,Placebo,32,ZsuFCGr32b_Cond,2.34,36.16,53.16,3.48,30.84,0.0011173184,0.5,303.5148703624,9.209208,0.333667,1,52.85,1804.663698,101.6016,110.744078,45.812478,0.7073742603,93.04,99.06,0.0313378449
32,C7247800,3712,Nhs,Nhs,Hemi,Mut,Tide,32,ZsuFCGr32c_Cond,1.52,26.68,52.76,15.91,45.43,0.0193855548,0.5,420.9067233535,12.612632,5.705705,1,21.1,1517.634878,32.932933,49.34935,131.8652,0.272325539,19.05,87,0.6407355021
32,C7247816,3713,Nhs,Nhs,Hemi,Mut,Placebo,32,ZsuFCGr32c_Cond,8.89,32.93,69.79,13.48,43.69,0,0,219.3553281906,6.673346,0,0,16.65,1332.211238,27.761094,66.599934,133.2666,0.3332220391,27.03,294,0.8316045229
32,C7247816,3714,Nhs,Nhs,Hemi,Mut,Tide,32,ZsuFCGr32c_Cond,0.38,29.21,57.53,3.8,38.97,0.0450471177,1,272.2710797556,8.174833,13.079747,2,16.9,1282.741062,172.305639,46.646646,41.307974,0.5303490141,9.06,228.03,0.9235733266
32,C7247816,3715,Nhs,Nhs,Hemi,Mut,Placebo,32,ZsuFCGr32c_Cond,2.53,43.5,53.21,11.78,33.79,0.001559368,0.5,324.6870310312,9.709708,0.467134,1,22,1789.353299,167.1338,86.786786,23.523523,0.7867513634,56.02,184.05,0.5333027867
33,,3721,Nhs,Nhs,Hemi,Mut,Tide,33,ZsuFCGr33a_Cond,0.68,23.91,49.07,18.1,51.09,0.1171261021,0.75,641.367662141,18.752085,31.33133,6,41.4,1890.240512,153.920586,55.689021,27.060393,0.6729838715,14.09,229,0.8840758567
33,,3725,Nhs,Nhs,Hemi,Mut,Placebo,33,ZsuFCGr33a_Cond,0.36,31.34,32.43,0.52,47.01,0.0017825305,0.5,339.1249765717,10.243561,0.533867,1,172.8,2095.071526,33.433434,94.627962,123.023024,0.4347692778,52.29,177.29,0.544472515
33,C7264107,3790,Nhs,Nhs,Hemi,Mut,Tide,33,ZsuFCGr33a_Cond,0.73,35.27,77.03,1.07,25.54,0.0842879526,0.8571428571,622.2646535376,18.518504,23.323323,6,88.25,2240.606324,60.126793,138.538539,31.564898,0.8144370357,45.02,144.05,0.5237742635
33,C7264107,3791,Nhs,Nhs,Hemi,Mut,Placebo,33,ZsuFCGr33a_Cond,2.61,29.37,85.82,9.34,29.97,0,0,294.8208223345,8.742061,0,0,12.65,1795.024234,227.694361,34.868201,11.578245,0.7507183865,119.47,169.93,0.1743607464
33,C7264107,3792,Nhs,Nhs,Hemi,Mut,Tide,33,ZsuFCGr33b_Cond,0.73,25.2,35.15,14.13,52.84,0.0564315309,0.6666666667,494.7765646628,14.481146,15.882548,4,15.2,1548.361656,24.624624,141.94194,26.59326,0.8422094613,46.08,155.07,0.5418344519
33,C7264107,3793,Nhs,Nhs,Hemi,Mut,Placebo,33,ZsuFCGr33b_Cond,1.5,33.11,67.09,13.98,48.73,0.065137728,1,345.1075991034,10.310316,18.385053,6,113.65,1423.790985,188.955622,27.427428,20.854187,0.5680718841,74.72,212.94,0.4804978099
33,C7264107,3794,Nhs,Nhs,Hemi,Mut,Tide,33,ZsuFCGr33b_Cond,2.13,26.56,21.48,0,39.51,0.05317405,1,353.0440200361,10.744086,15.148483,4,34.35,1773.182783,67.634301,138.905569,24.024025,0.8525496541,61.05,183.07,0.4998361462
33,,3753,Arid1b,Wt,Wt,Wt,Placebo,33,ZsuFCGr33b_Cond,0.34,27.44,45.29,6.36,43.69,0,0,212.0420651217,6.473134,0,0,56.65,1392.961915,146.81348,33.3667,103.403402,0.2439619443,38.46,105.912,0.4672097083
33,,3754,Arid1b,Arid1b,Het,Mut,Tide,33,ZsuFCGr33c_Cond,0,11.9,54.53,0.33,34.39,0.09298651,0.6666666667,267.4596810203,8.074734,25.525526,2,3.6,241.282202,119.552886,49.816482,94.661328,0.3448036899,42.06,44.03,0.0228830294
33,,3773,Shank3,Shank3,Homo,Mut,Tide,33,ZsuFCGr33c_Cond,15.24,44.91,65.43,22.54,57.19,0.0707238739,0.8,487.3613856707,14.414402,19.853185,4,42.75,2165.818941,169.502836,75.675674,31.331332,0.7072029844,47.67,163.394,0.5482886707
33,,3780,Shank3,Shank3,Homo,Mut,Placebo,33,ZsuFCGr33c_Cond,20.67,42.14,90.25,17.67,58.51,0.0188955137,0.6666666667,152.0332534235,4.637973,5.605606,2,5.1,554.656487,299.999999,0,0,NA,25.23,162.29,0.7309087031
34,,4039,Arid1b,Arid1b,Het,Mut,Tide,34,ZsuGr34_FC_Cond,19.01,2.93,74.45,15.26,58.43,0.0332753265,0.8333333333,572.25,69.0009,9.57604,5,3.65,422.835643,112.176,66.5985,94.7594,0.4127377711,93,0,-1
34,,4042,Arid1b,Arid1b,Het,Mut,Tide,34,ZsuGr34_FC_Cond,15.82,10.91,42.98,8.03,38.97,0.0492112162,0.8,662.099,101.533,13.947,4,NA,NA,67.6662,26.2924,169.032,0.1346088865,9,355.2,0.9505766063
34,,4040,Arid1b,Arid1b,Het,Mut,Placebo,34,ZsuGr34_FC_Cond,19.21,21.89,34.07,0.33,11.84,0.0963882429,0.8571428571,1192.64,122.487,26.3591,12,3.6,645.868156,60.0588,53.5191,168.432,0.2411301408,0,2.4,1
34,,4047,Nhs,Nhs,Hemi,Mut,Tide,34,ZsuGr34b_FC_Cond,20.46,32.07,80.75,11.54,39.44,0.0170776078,0.8571428571,648.478,92.4572,5.03827,6,13.2,1244.348331,209.472,53.5191,17.9509,0.7488330768,33,87.6,0.4527363184
34,,4048,Nhs,Nhs,Hemi,Mut,Tide,34,ZsuGr34b_FC_Cond,0.74,23.92,55.05,2.62,50.52,0.159040817,0.9375,1512.99,141.872,41.1736,15,12.6,1417.588886,88.887,131.462,21.2875,0.8606378417,175.8,151.2,-0.0752293578
35,C7369143,4151,Shank3,Shank3,Homo,Mut,Tide,35,ZsuGr35a_FC_Cond,0,4.68,22.71,1.53,24.78,0.1172879583,0.6875,1255.57,157.988,31.3974,11,34.75,1654.690481,63.3954,112.176,50.4494,0.689781547,NA,NA,NA
35,C7369158,4156,Shank3,Shank3,Homo,Mut,Placebo,35,ZsuGr35a_FC_Cond,0,5.41,37.15,0.47,21.5,0.0489461161,1.125,844.24,102.334,13.947,9,32.05,1247.010948,75.7408,62.7948,70.8027,0.4700297536,46.2,147.6,0.5232198142
35,C7369170,4165,Shank3,Shank3,Homo,Mut,Tide,35,ZsuGr35a_FC_Cond,7.14,25.76,69.11,10.84,41.36,0.0339799773,0.4285714286,450.555,53.3856,9.64277,6,134.35,1285.160788,138.135,75.8743,60.0588,0.558173837,NA,NA,NA
35,C7369170,4166,Shank3,Shank3,Homo,Mut,Placebo,35,ZsuGr35a_FC_Cond,1.16,23.92,59.62,0,20.82,0.1042631632,0.9166666667,634.117,93.1245,27.0932,11,38.7,1811.178864,20.4867,103.835,135.332,0.434152705,29.4,12,-0.4202898551
35,C7369170,4167,Shank3,Shank3,Homo,Mut,Tide,35,ZsuGr35b_FC_Cond,0.67,36.93,91.76,7.78,44.46,0.1077981922,0.7142857143,763.089,94.6927,29.1952,5,67.9,886.134725,107.772,124.589,22.6889,0.8459449788,NA,NA,NA
35,C7369170,4168,Shank3,Shank3,Homo,Mut,Placebo,35,ZsuGr35b_FC_Cond,0,14.93,67.99,3.89,37.59,0.1021609448,0.8181818182,892.103,117.782,27.7605,9,57.55,1431.595964,118.383,60.5259,40.6398,0.5982847942,19.2,75,0.5923566879
35,C7388169,4192,Shank3,Shank3,Homo,Mut,Tide,35,ZsuGr35b_FC_Cond,5.72,45.93,85.6,8.1,46.08,0.0207718895,0.8,463.759,57.7899,6.10598,4,4.5,784.997328,103.234,106.237,44.31,0.7056733113,NA,NA,NA
35,C7388169,4195,Shank3,Wt,Wt,Wt,Tide,35,ZsuGr35b_FC_Cond,12.29,32.08,83,6.58,34.67,0.0277296101,0.6,382.003,50.8498,8.00784,3,44.2,1058.084674,0.867516,9.20902,287.548,0.0310321892,55.2,156,0.4772727273
35,C7388169,4196,Shank3,Shank3,Homo,Mut,Placebo,35,ZsuGr35c_FC_Cond,0,24.1,62.62,15.56,43.07,0.1475673283,0.6956521739,987.765,127.592,37.3366,16,12.55,1121.459115,120.385,62.5279,77.2089,0.447469099,NA,NA,NA
35,,4306,Arid1b,Arid1b,Het,Mut,Placebo,35,ZsuGr35c_FC_Cond,21.78,32.29,98.33,17.09,55.46,0,0,306.687,43.0421,0,0,11.45,461.309361,300.895,0,0,NA,15,225.6,0.8753117207
35,,4308,Arid1b,Arid1b,Het,Mut,Tide,35,ZsuGr35c_FC_Cond,8.04,36.71,88.8,12.62,44.56,0.0442170276,1.5,296.196,35.3012,12.6791,6,8.15,345.751754,299.36,0,0,NA,NA,NA,NA
35,,4245,Arid1b,Arid1b,Het,Mut,Placebo,35,ZsuGr35d_FC_Cond,0.83,30.27,76.72,8.02,34.46,0,0,341.3,45.6113,0,0,12.4,1065.919763,0,269.531,20.6202,0.928932915,NA,NA,NA
35,,4235,Arid1b,Arid1b,Het,Mut,Tide,35,ZsuGr35d_FC_Cond,0,0,80.14,18.54,47.88,0,0,262.499,32.1648,0,0,3.35,399.543322,0,126.657,4.8047,0.9634517126,NA,NA,NA
35,,4237,Arid1b,Arid1b,Het,Mut,Placebo,35,ZsuGr35d_FC_Cond,0.54,22.92,51.49,0,21.21,0.0118666986,1,291.726,36.4357,3.47006,2,14.4,875.614304,11.6781,232.094,15.2816,0.9382251119,26.4,162.6,0.7206349206
36,C7460999,4406,Arid1b,Arid1b,Het,Mut,Tide,36,NA,NA,NA,NA,NA,NA,0.02531072,0.8333333333,1638.23,162.095,7.40741,5,27.75,1294.624499,64.1962,229.825,265.593,0.4639011905,28.2,22.2,-0.119047619
36,C7460999,4407,Arid1b,Arid1b,Het,Mut,Placebo,36,NA,NA,NA,NA,NA,NA,0.0210370423,0.4,422.186,65.6977,6.17271,2,1.8,574.438422,84.1491,6.94013,502.225,0.013630411,11.4,0,-1
36,C7460999,4409,Arid1b,Arid1b,Het,Mut,Tide,36,NA,NA,NA,NA,NA,NA,0.1136844449,1.1111111111,674.574,94.7261,30.63,10,7.15,615.27457,17.0167,65.731,198.194,0.249051814,16.2,7.2,-0.3846153846
36,C7443387,4390,Arid1b,Arid1b,Het,Mut,Placebo,36,NA,NA,NA,NA,NA,NA,0.0099955233,0.75,1105.19,160.227,2.96964,3,2.25,535.51713,271.199,5.07163,9.27575,0.3534882327,34.8,0,-1
36,C7441078,4399,Shank3,Shank3,Homo,Mut,Tide,36,NA,NA,NA,NA,NA,NA,0.4375003593,0.9677419355,2662.23,197.331,91.3247,30,36.75,1279.833933,176.973,87.9528,8.60843,0.9108500378,22.2,402.6,0.895480226
36,C7441066,4396,Shank3,Shank3,Homo,Mut,Placebo,36,NA,NA,NA,NA,NA,NA,0.0398937442,0.8,504.75,74.4062,11.5113,4,99.15,1527.45959,3.67026,0,291.819,0,22.2,77.4,0.5542168675
36,C7441066,4398,Shank3,Shank3,Homo,Mut,Tide,36,NA,NA,NA,NA,NA,NA,0.161886563,0.9333333333,1779.53,186.32,41.8085,14,38,941.052185,120.451,136.4,0,1,10.8,247.2,0.9162790698
37,C7489765,4452,Arid1b,Arid1b,Het,Mut,Tide,37,Zsu_FC_G37a_cond,5.08,25.37,70,11.97,53.34,0.0779094955,1,545.654,16.3493,21.6879,6,15.55,974.579826,241.909,19.8866,27.294,0.4214995146,0,4.2,1
37,C7489765,4453,Arid1b,Arid1b,Het,Mut,Placebo,37,Zsu_FC_G37a_cond,22.58,11.9,95.57,11.39,44.56,0.0110152099,1,263.443,8.07457,3.2365,2,5.95,658.697357,299.233,0,0,NA,0,265.2,1
37,,4456,Arid1b,Arid1b,Het,Mut,Placebo,37,Zsu_FC_G37a_cond,3.19,8.83,56.19,16.03,59.91,0.0929753948,0.8,809.204,23.7232,25.525,4,17.45,1478.515838,23.8906,180.981,65.4655,0.7343622247,87,171,0.3255813953
37,,4457,Arid1b,Arid1b,Het,Mut,Tide,37,Zsu_FC_G37a_cond,3.01,25.34,73.63,0,9.56,0,0,147.903,4.60451,0,0,8.05,877.655427,50.8509,180.047,22.7561,0.8877921491,60.6,126.6,0.3525641026
37,C7489921,4520,Shank3,Shank3,Homo,Mut,Placebo,37,Zsu_FC_G37b_cond,0.56,7.33,37.02,8.77,27.69,0.1846924957,1.0769230769,1016.19,28.7281,46.7791,14,27.3,1886.788936,142.075,72.8729,37.8378,0.6582281568,34.2,169.8,0.6647058824
37,C7489921,4522,Shank3,Shank3,Homo,Mut,Tide,37,Zsu_FC_G37b_cond,0.76,7.87,28.49,18.42,49.06,0.0837552506,1.25,634.512,18.1845,23.1894,5,21.8,1843.650794,45.6456,67.1338,119.453,0.3597992998,48.6,97.2,0.3333333333
37,,4517,Shank3,Shank3,Homo,Mut,Placebo,37,Zsu_FC_G37b_cond,0.64,20.64,39.58,14.3,45.98,0.1463355186,0.9166666667,1227.85,33.7664,38.3042,11,22.15,1261.137926,35.7024,19.2192,235.769,0.0753728996,9.6,125.4,0.8577777778
37,,4535,Shank3,Shank3,Homo,Mut,Placebo,37,Zsu_FC_G37c_cond,38.2,50.38,92.85,13.31,41.76,0.0243763485,0.6666666667,252.158,7.20706,7.14032,2,7.95,849.113533,32.7661,68.6019,142.809,0.3244955676,21.6,195,0.8005540166
37,,4537,Shank3,Shank3,Homo,Mut,Tide,37,Zsu_FC_G37c_cond,38.71,49.06,45.25,14.73,19.59,0.4082374751,1,1036.13,29.3287,86.9852,16,54.45,1388.652072,24.3577,142.476,86.4865,0.6222678386,73.2,290.4,0.597359736
37,,4526,Shank3,Shank3,Homo,Mut,Placebo,37,Zsu_FC_G37c_cond,39.98,50.61,40.48,22.16,48.53,0.046229781,0.6666666667,321.795,9.54268,13.1128,2,43.5,989.106086,122.389,53.5869,103.103,0.3419933257,17.4,249.6,0.8696629213
37,,4527,Shank3,Shank3,Homo,Mut,Tide,37,Zsu_FC_G37d_cond,2.04,19.14,49.74,27.47,32.54,0.2139581268,1,1195.42,33.4661,52.8851,15,0.85,801.614155,116.25,166.633,4.87154,0.9715952709,103.8,136.2,0.135
37,,4528,Shank3,Shank3,Homo,Mut,Placebo,37,Zsu_FC_G37d_cond,0.42,22.27,32.64,4.03,33.19,0.1447301458,0.8888888889,959.896,27.1599,37.9371,8,32.5,1474.494272,95.2953,44.1108,129.596,0.2539382454,90.6,116.4,0.1246376812
37,,4529,Shank3,Shank3,Homo,Mut,Tide,37,Zsu_FC_G37d_cond,2.06,16.44,79.61,11.63,46.86,0.3888800944,1,1043.83,29.4622,84.0156,14,37.75,1562.488928,29.0958,155.088,75.0751,0.6738178274,35.4,184.8,0.6784741144
39,,5145,Shank3,Shank3,Homo,Mut,Placebo,39,G39_FC_Cond_zsu_c,1.68,29.92,77.89,17.06,41.54,0.0768752629,0.6,448.918,12.8128,20.654,6,16.45,929.721536,56.6567,104.838,94.8949,0.5248909919,102,21,-0.6585365854
39,,5135,Shank3,Shank3,Homo,Mut,Tide,39,NA,NA,NA,NA,NA,NA,0.0985827781,0.8888888889,699.783,20.2202,26.9269,8,0.05,35.582671,NA,NA,NA,NA,71,255,0.5644171779
39,,5134,Shank3,Shank3,Homo,Mut,Placebo,39,G39_FC_Cond_zsu_b,1.28,19.58,56.96,18.34,43.76,0.1120313374,0.9,1012.24,28.9623,30.2302,9,10.7,1210.290204,24.291,190.457,72.8061,0.7234473802,71,196,0.468164794
39,,5146,Shank3,Shank3,Homo,Mut,Tide,39,G39_FC_Cond_zsu_c,0,3.78,22.22,1.8,1.63,0.1723225663,0.9230769231,924.113,26.4598,43.5435,12,9.55,1144.7079,64.9316,98.8322,81.8819,0.5468981114,128,199,0.2171253823
39,,5074,Arid1b,Arid1b,Het,Mut,Tide,39,G39_FC_Cond_zsu_a,11.22,19.54,NA,23.81,47.94,0.0324198959,0.75,265,8.10811,8.84217,3,3.95,709.131375,0,0,299.299,0,0,326,1
39,,5075,Arid1b,Arid1b,Het,Mut,Placebo,39,G39_FC_Cond_zsu_a,4.24,14.84,NA,6.91,26.24,0.0090888608,0.6666666667,295.315,9.04237,2.7027,2,12.05,624.827291,303.37,0,0,NA,146,0,-1
39,,5165,Arid1b,Arid1b,Het,Mut,Placebo,39,G39_FC_Cond_zsu_a,1.11,7.26,NA,1.8,23.16,0,0,264.439,8.24158,0,0,4.95,879.625048,95.0284,143.21,39.5062,0.7837838134,92,166,0.2868217054
39,,5033,Chd8,Chd8,Het,Mut,Placebo,39,G39_FC_Cond_zsu_a,12.19,20.74,NA,0.82,8.54,0.1830747597,1,494.611,14.9483,43.7437,5,3.7,794.075379,8.34168,11.3447,269.67,0.040370486,61,57,-0.0338983051
39,,5132,Shank3,Shank3,Homo,Mut,Tide,39,G39_FC_Cond_zsu_b,0.41,8.66,43.08,0,4.92,0.4202214847,1,820.966,23.5235,88.7554,12,42.15,1970.549416,71.5382,127.127,59.4595,0.6813301069,98,137,0.1659574468
39,,5133,Shank3,Shank3,Homo,Mut,Placebo,39,G39_FC_Cond_zsu_b,0,12.07,38.71,12.79,43.98,0.0067166558,0.5,421.559,12.3457,2.002,1,25.5,1435.302475,22.8228,68.0681,186.92,0.266946183,80,109.5,0.1556728232
39,,5147,Shank3,Shank3,Homo,Mut,Tide,39,G39_FC_Cond_zsu_c,5.71,31.8,48.55,1.5,23.68,NA,NA,NA,NA,NA,NA,4.05,649.65639,45.1118,171.572,29.4962,0.8533025113,73,75,0.0135135135
